event_time,coefficient,se,ci_lower,ci_upper
-4,0.09956526009832178,0.010392824993229492,0.07919532311159198,0.11993519708505158
-3,0.07867003286305492,0.013831093063640667,0.05156109045831921,0.10577897526779062
-2,0.07552504366657692,0.01370390080049107,0.04866539809761442,0.10238468923553942
0,0.07308588149624758,0.013722005299166342,0.04619075110988155,0.0999810118826136
1,0.06841529809514164,0.014165972687517809,0.04064999162760674,0.09618060456267655
2,0.116082063710881,0.02066098898075477,0.07558652530860166,0.15657760211316035
3,0.07773712415139167,0.027433416682402876,0.023967627453882034,0.1315066208489013
4,0.02335063131225099,0.039400744222974696,-0.053874827364779415,0.10057608998928139
